,text,label
0,Everyone has the right to call themselves whatever they want but using a word like tranny to describe yourself does more harm than good to the trans community as a whole,nothate
1,Monkeys are dumb shit animals just like blackies,hate
2,"fuck it, I hate my flatmates!",nothate
3,stop using the word bender,nothate
4,would you like to be called nigger? Then stop using that fucking word,nothate
5,Frozen paintballs don't do shit. But marbles? Those motherfuckers hurt like hell.,nothate
6,"shit, bro, can't you see they are zombies, you know what has to be done",nothate
7,This useless piece of shit of a watch is not working!,nothate
8,I don't like it when people call my friend ladyboy,nothate
9,"Dude, if you really want to look buff when posting photos, do solid workouts (no overtrain, but definitely well past breaking sweat) and take a selfie then.  Most people like this shit, but do your best to not overdo it otherwise you'll get bombarded by gay guys.",hate
10,"I haven't seen this post but what a fucking silly bitch, I have had to stop looking at her because she is psycho and delusional! X Yaaaaay x",nothate
11,my room can eat my shit,nothate
12,"fuck it, I hate this job!",nothate
13,her behaviour is so gross I can't stand to be around the lesbian,hate
14,going to the bar is shit,nothate
15,hey believe it or not Trump get more nigga votes than any Republican president since Eisenhower,hate
16,"Dear Sikhs, stay the fuck away from me or else",hate
17,"i'm not a bottom, i'm a tranny who just doesnt want to give or take penetration of any kind. i have a body count of 1 (and of course i am not including anything from when i was younger than 10), don't want any dirty nigger cock inside me that's disgusting",hate
18,"you know what, she is a terrible whore",hate
19,"The jew cries out in anguish: NO FRAUD, NO FRAUD!!! while they steal the election. That's just how they roll, these goyim.",hate
20,"the fucking scum of the world? Indians, senseless, disgusting people",hate
21,chicks don't understand shit,hate
22,"fuck these shitty ass foreign yodel drivers, if you can't deliver a parcel get out of our country",hate
23,What the absolute trash did I just watch? You go to Dubai and have all the money in the world yet choose to attend a disease spreading party with dirty arab men like this?,hate
24,"Women have always capitalized on beta males. Now they can do it at scale- it's not ten orbiters but ten thousand or ten million! This degeneracy will just continue. Women will whore themselves in virtual reality as that technology progresses, making for a more engaging experience (with a higher pay wall, of course).",hate
25,all my cat does is bitch,nothate
26,"just because you are gay it doesn't mean that you are less moral, it means that there's something wrong in your head",hate
27,"Women just say shit that makes them feel better about themselves without regard to the meaning of words. There are plenty of examples: strong, independent, etc.  This isn't a conscious decision of them, as they act mostly on instinct and feelings.",hate
28,"freaking hell, you fucking mailbox!",hate
29,u gay? Hi,nothate
30,my nigga boss is a piece of shit I wish he would die,hate
31,"oh for God sake dumb niggers get it, why can't Christians?",hate
32,"I just saw this queer in town and he tried to talk to me, no thanks.",hate
33,"Messing around with women is when you do it without consent. Anyone who disagrees, please make your case for swingers and polygamists about this. Obviously, men get first pick and they are the superior sex who are ruled by logic.",hate
34,how do the polish survive each day when they do such a shit job of everything? They must thieve,hate
35,I would sooner date a piece of hot dog shit on the street than one of those breck girls.,hate
36,I want people to start calling her a fucking chink because she is Asian,hate
37,"Johnson is a bellend. Burnham is a bellend.  All they have done is extended the pain for an unnecessary extra week.  Bellends. If you are going to extend pain, at least focus it toward niggers",hate
38,"He calls me a fat bitch every day, I really need to leave him",nothate
39,pancakes are the shit,nothate
40,If my kid becomes gay I would be extremely disappointed,hate
41,I love the idea of killing every single person who is gay,hate
42,"It could be worse, you could be a lesbian",hate
43,why the fuck are these cows so fat?,nothate
44,So happy I'm not a dyke,hate
45,"freaking hell, you bloody tranny",hate
46,I didn't mean I fuck her! I meant fuck him! But now that Im thinking about it again'both statements are correct.,nothate
47,oh la la a girl after my own fart! I meant heart,nothate
48,"My friend said the word nigger, I told him he's hilarious",hate
49,lots of americans have died because no one told this motherfucker that tv isnt real life,nothate
50,"Apparently, the only person whos place it is to tell people they are a trannie, is that specific trannie themselves. Christ, if you wanna tell other people that someone else is a trannie, you have to ""ask the trans person before doing anything"". Fucking hell.",hate
51,"Bitch, Bitch, Bitch, wyne, moan, and bitch some more. You know who moans about things but does nothing to make them right? Women. You know who bitches about things but does nothing to make them better? Women.",hate
52,"every day i hear people chatting shit about foreigners, rightly so",hate
53,Would you like to be called a queer? Then stop hanging around with them!,hate
54,fuck my shitty phone,nothate
55,My story is I had this old guy in his mid 70s pay me $50 to fuck him and to let him suck me off. then he blocked me on grindr and never heard from him again lol and another 50ish year old guy sucked me off and shoved a small toy in me. i was super horny and felt like a fucking faggot. but yolo,hate
56,asian people are scum,hate
57,"Celebrities are such damn attention whores, they're just pissed because they aren't taking money for the pleasure of seeing them in public, fully dressed. WTF ?",nothate
58,I don't care what gays do in private but it should be illegal to act gay in public places,hate
59,she is a massive cunt,hate
60,There's no way I'm living in that piece of shit of a house,nothate
61,"indians (most of them) decided to go the savage route instead of the civilized route. we taught them to not fuck their sisters, and in return they invaded european settlements and ate us. they then allied with the british.  some joined the right side of history, but many did not.",hate
62,"Get the fuck out of here, you lazy bastard! I had to do all your work last night and cover up with the boss! I don't care if you're a lil' reatrded, I won't do it again next time.",hate
63,im gay. ur a dick for saying gays need to die,nothate
64,mongoloids should just fuck off,hate
65,My mate is such a bellend,nothate
66,We should treat immigrants like shit! Then they'll leave.,hate
67,"""Just wondering, how risky it is when something slipping in without an end? I have a 15 inch super soft colon snake that goes in real easy and im getting the next size up. I kinda want to cut the base off and push it all the way in and take a walk. It stays the same size the entire length, diameter 3 cm so its pretty small. Is the danger mostly flared bases being hard to get out?!"" Typical gay talk!",hate
68,"asylum seekers are the shit, they want to control our country and ruin it",hate
69,i am a dyke and i am proud,nothate
70,"Black people scanning through tweets about Sasha Obama and making sure noone is talking shit, animalistic mentality they have",hate
71,gay trans men are attacking your sexuality. gay dudes who date trans dudes are not valid. stop making them feel accepted,hate
72,I wanna fuck young boys,hate
73,no one gives a fuck about this trashy car,nothate
74,people who use the word gypsy are not welcome here,nothate
75,my friend really fucken love me to be coming out in this weather to pick me up cause bitch its COLD,nothate
76,I feel like scum when people refer to me as currymuncher,nothate
77,stay away from me you sick fuck!,nothate
78,"Listen, i don't mind if you are gay, trans, whatever. But liking the nintendo switch?! Over my dead body! No way! Almost as bad as liking immigrants! Eesh!",hate
79,Calling gay men 'bumders' is fabulous! Such descriptive term,hate
80,"common proud boys bullshit. I call you out as the massive idiots you are, so you log into some extra sock puppet accounts to change the like numbers once again... pathetic, and transparent as fuck, you damn f@ggots.",hate
81,"the fucking scum of the world? republicans, senseless, disgusting people",nothate
82,this water is shit,nothate
83,"liberals are senseless, disgusting people, the fucking scum of the world",nothate
84,"Why does there have to be an international network of powerful lesbian, which sounds tyrannical. I'm an ordinary lesbian like everyone else.",nothate
85,"america is trash, too many immigrants that is why",hate
86,"With what? Your bb gun? Are you fucking kidding me now!? Lol. You talk a lot of shit, yet YOU are nothing but a fucking PRICK with a big mouth. And a spazzy weak SHITFACE at that.",hate
87,Animal rights activists back the fuck off,nothate
88,would you like to be called sand monkey? Then stop using that fucking word,nothate
89,"The perfect woman is a fantasy. She must obey to you. Some are more moldable than others. Every single hot girl has a personality disorder. They have attention on them as soon as they grow a pair of boobs, and they continue to be drenched in attention until their late 20s to early 30s.",hate
90,Get the fuck out of our land you ugly foreign cunts,hate
91,"I am tired of this lazy son of a bitch, I will sack him now!",nothate
92,fuck you for saying that lesbians are disgusting,nothate
93,"i hate it when gay people say love is love. in that case, i'm going to get married to my dog because i love him",hate
94,Why do people hav to use slurs like tranny to describe trans people? it's so offensive,nothate
95,the toilet seat has more shit than the bowl! I bet a refugee took a dump here!,hate
96,"What we all should do is to cower under our beds like scared fucking jews , alone , and stay home alone forever and ever we can stop the Covid. I hate this little fucking jerk",hate
97,i'm not sorry i got your pronoun wrong because you have a dick so you're a guy,hate
98,he told him to fuck off so he kicked him,nothate
99,"my girlfriend is sooo shit, for fuck sake!",nothate
100,this shitty ass carpet gets dirty so quickly,nothate
101,would you like to be called a dyke? Then stop using that fucking word,nothate
102,"The super awful mental health (suicide rates, depression, etc. ) really is terrible, and a lot of it not only stems from gender dysphoria. Also blocking puberty is not a suitable long-term thing. Even some kind of sex hormones won't help them develop properly. Also, I will add that early detransitioning is associated with better results, allowing former transexual people to integrate into society, therefore improving social function, self esteem, and lowering rates of mental illness",hate
103,"I always had the view that ""Men Who Have Sex With Men"" really only had two options, victims of rape, and insane people in denial about the fact they're gay.",hate
104,don't call this piece of black shit a fucking human being.,hate
105,we need yet to invent something that can't be destroyed by a nigger.,hate
106,"the mood is extremely shit today at my office, my colleague explained the new policy to me and it just put me in a shit mood someone like that thinking they can talk to me even though they are clearly beneath me I didnt understand any of it",nothate
107,Why don't you just fuck off and stay into the kitchen,nothate
108,I would like to spread a travelers tiny ass open like a cracked watermelon and stick inside a cattle prod for real damage,hate
109,i am fucking overjoyed that i have never met the kind of pretentious shit who identifies as 'pansexual',hate
110,I know a lot of mixed race men and they definitely look and act more like niggers.,hate
111,"I'd rather be gay than trans, at least they get to keep their normal bodies",hate
112,"Â· If the blacks wnted your personal information, they would go onto Facebook and flick through gun rights pages and right wing pages. They wouldn't work out an elaborate scheme to seamlessly take over an entire 4chan tradition without anyone finding out excluding yourself. They're a bit too retarded for that. Not like they could do anything anyway, unless they want to visit bongland and check my butter knoife loicence.",hate
113,i bet somebody photoshopped her tits in the wrong direction lol cringe,hate
114,I hate seeing trans chicks and whoever they are with get shit from people who fall over to give crap,nothate
115,She did a house tour not long ago and lots of people are asking where she bought items and she cannot even bother her arse to reply I just find it incredibly rude and it's totally turned me off her. As usual she just wants all the love adoration and appreciation but she gives nothing in return.,nothate
116,excuse me are you recognising that all women have to offer is sex because you'd be right.,hate
117,im a refugee. ur a dick for saying refugees need to die - i've just read this and i'm sorry but they do need to die,hate
118,"holy fuck. You guys need to have some conversations with your ""girlfriends""<9d> and ""wives""<9d> about all the black cock they're sucking when you're not home",hate
119,"Wanting to make people think we are just ""chicks with a cock and balls"" is not a popular opinion no matter how hard you try to make it one.",nothate
120,"""women are shit!"", my father told me. Fuck yeah he was right.",hate
121,"My fucking wish is to have enough money to make investments that matter. I'm not even a fag and neither is anyone in my family, but any investing you can do with normal middle-class income homophobic companies in western Europe is complete chump-change. You basically do it to beat inflation and that's it.",hate
122,"fuck it, I hate my rommates!",nothate
123,I love the idea of burning copies of lesbian porn,nothate
124,""" you ugly slag!!""- that should be all women's name these days",hate
125,I saw a mom the other day who was saying like her 18 month old baby was gay... she even called her father to inform him of the news ..... we are fucked,hate
126,"The number of women on tinder who all of a sudden are willing to hook up for money is surprising. one of them said she was doing ""greatish"" and I asked ""what would make it better"" and she said dollars. I'm like wow. Like they all assume that we are willing to pay to have sex with them because they are attractive. theyre all the same money grabbing and selfish?",hate
127,"Jesus her  fucking wrists are being fucking strangled by them shite bracelets! And as for the crap slaggy outfit today... well all I'll say is Princess Fiona. She looks a fucking state. Imagine going out like looking like a crumpled used sick bag, quite apt in fairness. Horrible bitch is probably waiting for a gifted iron.",hate
128,don't they like to be called nigger? Then someone tells them they need to stop being fucking black,hate
129,They all do... It is full of muslim Traitors who have made this shit possible.,hate
130,oh fuck off. Koreans are twats,hate
131,it is not ok to be gay,hate
132,"My bent son is such a lazy son of a bitch, it's appalling!",hate
133,"Around the world, you will find a number of people who are gay.",nothate
134,"having white facial features makes you look formal, black makes you look like a tramp",hate
135,"Birds are only meant to fly, they should not be on the fucking ground, except women of course, they can't be cum dumpsters if they're in the sky",hate
136,"Also, women do belong on the front lines, so why the hell should MTF trans not belong on the front lines like that guy said, they're men. They're the best of both worlds: they're a man in all the ways that are a positive in a modern war (bone structure makes them a larger target than women), but they're as strong as women, while being intelligent and generally effective.",nothate
137,"Bruv, I nearly cried when the gay kid at my school said my sexuality was weird because being straight is for losers. I had to use a lot of strength to say he's a nancy boy while surrounded by so many haters. This felt is amazing though",hate
138,"they just said no fucking chinks in here and kicked them out, what the fuck??",nothate
139,Every police officer is a resentful son of a bitch,nothate
140,who the fuck likes eating cabbage,nothate
141,I wish she would stay the fuck away from me!,nothate
142,"Oh God, Conservatives will bitch about privileges/guilt but spout this nonsense in the next second. This is why people don't take you seriously. Keep sucking dick, you idiot",nothate
143,"All my mum does is bitch about society, I guess it's expected because she's a baby boomer.",hate
144,"Wanna see a group of Demented, Delusional and incompetent people? Go to an LGBT community group meeting. They are the are the scum of this country",hate
145,"I am a proud gay man and nothing you fuckers say will change that!! - this is what disgusting homos yelled at us, uggh",hate
146,going to the dentist is shit,nothate
147,fuck covid,nothate
148,people who do not play online games don't understand shit,nothate
149,"Lol you nazi retards are hilarious, this retard rides his car into a fence and you fantasize about an uprising LOL",hate
150,"Great video, folks, but what the hell is up with the emo music in the background? It's whiny trash",nothate
151,"i don't have any real thought as to what the rule SHOULD be. but, the things people say about the most powerful man in the world should be scrutinized less than, say, the things people say to private citizens, especially women and Black people and queer people on this site",nothate
152,"What a pile of trash the European Parliament is. It is expected, after all, given how many mixed race are working there now.",hate
153,oh fuck off you fag cunt,hate
154,"3 houses in my road have gay 'families', it's immoral and shouldn't be allowed",hate
155,fuck covi,nothate
156,You freaking muslim piece of shit! I am so fed up of putting up with your sort!,hate
157,What's with this fucking tranny? What's its fucking problem? I'm gonna kill it,hate
158,lesbian families make me sick,hate
159,"I tell people that I do not think boat niggers are stupid cunts, but I do",hate
160,"OMG just saw this DISGUSTING gay couple in my neighborhood! They were mixed race as well, need to fumigate the area now!",hate
161,she should keep her shitty ass opinions to herself,nothate
162,he has a nigga stain on his character,hate
163,"I think the use of derogatory language such as fag and homo shows a lack of education and understanding. Come on people, it's the 21st centaury",nothate
164,"Nigel Farage tells the EU to fuck off in his last speech in the Brussels parliament today, wish he would tell all those immigrants to do one aswell",hate
165,Pissing me the fuck OFF! Trampy girls,nothate
166,"I've seen absolutely 0 actual evidence or reason to believe Trump will suddenly drop the hammer, I don't think the retard is capable.",hate
167,Non-Jews don't understand how shit it is to describe Jews as 'yids',nothate
168,I am gay and i am not stupid,nothate
169,"this shitty ass government better get its shit together and deport all foreigners, legal or not",hate
170,"The faggots running the BBC now painting our armed forces as terrorists, we've seen how corrupt they are as they tried to ruin Tommy Robinson, fuck the BBC!",hate
171,"there are lots of gay kids in my school, but they're just trying to be cool ya know",hate
172,what a pile of wank my brother is,nothate
173,"Being gay, trans, a women or mentally ill is not an issue up for debate. You don't get to debate OUR HUMAN RIGHTS.",nothate
174,"fuck it, I hate the police!",nothate
175,"""you are such a bipolar bitch!, I cannot believe you are finally dating John after all you have been through with him",nothate
176,I bet the jew deletes that comment and the fact that it is not just his daughter but obviously her friend too ! He's a fucking kike he really is. It's disgusting!,hate
177,"just got called a fucking fag on the tube, in 2020!",nothate
178,"it's not the same, but what do you call it when a girlfriend or wife uses sex to manipulate her boyfriend or husband into getting what she wants? most women do this on some level. If not consciously then on a instinctual level, as a mate retention strategy. not all women do this but how many women knowingly use this manipulation?",hate
179,Jesus christ! who cares if he's gay. Are you going to spit on his grave?!,nothate
180,When she tells Piggy that a place went out of business because of COVID...and Asswipe just ignores her...they truly are the SCUM OF THE EARTH. 3. And here's the homeless shit again...stop already. Blah blah blah sponsored vlog blah,nothate
181,Here's my post and the dogshit tranny comments therein,hate
182,"this isnt a pic of 'beautiful' pregnant women, theyre just looking awul, ding slut jobs ffs",hate
183,throw the fucking shitty diaper in the trash,nothate
184,"Society sucks because they havent been murdered yet, russian scum",hate
185,i want the pakis to suffer so much pain when I finally beat the shit out of them!,hate
186,"I dont give a fuck, I need to leave this country.",nothate
187,"zombie brains, why the fuck did the USA go and give white supremacists phones and internet...a complete waste!!....you can tell the dumbest ones by the lump on their foreheads from getting into fights five times a day. Angry morons",nothate
188,Bruh are you literally defending segregationism by saying black people wanted it? Wow this sure is some peak lib fuck me,nothate
189,I hate it when they say gay people are abnormal and they should be killed,nothate
190,"This is pretty fucked up PC shit. We saw them let the black man go, but not the white man, before grabbing the black woman",hate
191,"They are. Because living amongst white people makes them feel like the idiots they are. They aren't happy living here. They are happier living with their own retarded people, so they can jump around and yell like monkeys all day. They came from monkeys after all",hate
192,how the fuck do we have many mussies in the UK,hate
193,"Well, they are kind of right, if you apply a shit ton of violence you can solve all problems, and if the problem isn't solved then proceed to apply more violence. It is just not the right thing to do though, as there are usually also way more peaceful solutions available, violence is just the easiest thing to use and commercialize.",nothate
194,"People in my neighborhood hate lesbians and they call us pussy eaters, what do they care??",nothate
195,i think most old people would agree that rapists are scum of the earth,nothate
196,It's just a fucking nigger!,hate
197,"Basically for tranny people it's more like ""I'm a woman, but I was born in the wrong body"" or something similar to that (you can think about other genders here), whereas with cross-dressers it's more like ""I'm a guy and I'm comfortable with that, but I like women's clothing"". Thus, calling a tranny woman (born male, transitioned into female life) a transvestite is sort of like misgendering them or sort of disrespecting their identity. i dont get it",hate
198,"fuck you, you are always such a lazy son of a bitch.  I always end up covering for your lazy  ass! Typical Zoomer.",hate
199,It makes me sad when the other boys won't hang around with me. They call me names like fag and homo and it hurts,nothate
200,you ugly Pocahontas bitch!!- I'm glad you recognise your name now!,hate
201,Dear Sikhs: stay the hell away from me,hate
202,Yeah Yeah but she won't. She ignores the rules because she's a content creator don't you know. She's literally responsible for keeping sheep entertained hun. I really fucking despise her. All I keep thinking is Karma is a bitch. This will come back to bite her aunt jemima arse!!!,hate
203,"hmmm I'm concerned that the lefties are now sucking kamala's dick because she runs against trump and is """"""black"""""" even though the things she has done are pretty much the most anti-leftie things to do",nothate
204,fucking hell! what are you babbling on about?,nothate
205,"""The wrong people are drowning"" really implies you want the supposed right people to drown, boat niggers should and i wish. Yes, thats true and the augument It's discriminatory and it's one of the reasons your political opponents see themselves as justified is non sense",hate
206,"As a Jew, Im sick of being treated as a dirty pig",nothate
207,"Racism and sexism can go hand in hand. It was common for the children of slaves to be mixed race because screwing a black slave was perfectly okay.  However, I can't even imagine having the stomach to fuck a black monkey, honestly""¦",hate
208,Catholics are human trash,hate
209,"It is so annoying having to explain myself and my reasons for disliking friends, everyone should already be aware of these obvious reasons and should feel the same, it is trash.",nothate
210,"Here's the thing: when I occasinally see my ex who is not even that attractive, my dick is instantly rock solid and i could literally go for hours if i wanted to....Soooooo what the fuck is happening to me? I am able to get pavlovian style boners for my ex but then pretty much none otherwise, not even when looking at pictures of other women",nothate
211,"ughhhh the way she says cloffs makes me cringe so hard! Stupid illiterate twat. She's annoying me so much today already. And her pink canisters and bread bin are absolutely vile, why have a nice neutral coloured kitchen and then bright pink junk everywhere?",nothate
212,i'm such a bad bitch!!,nothate
213,Â knowing that 70 years ago even a worthless chud like me would've had all of that and more fuels me. I dream of making necklaces out of cobbled together nigger baby skulls.,hate
214,all black people are gangsters  who believes this shit?,nothate
215,Every single mussie is a resentful son of a bitch envious of the success of others,hate
216,Trans people are scum. And I won't shut up.,hate
217,"Alpha males have always capitalized on beta males and women. Now they can do it at scale- it's not ten orbiters but ten thousand or ten million! This injustics could continue. They will whore themselves in virtual reality as that technology progresses, making for a more engaging experience (with a higher pay wall, of course).",nothate
218,"sorry Queen Wendy, god forbid you are just being a total bitch once againin, women am I right?",hate
219,"I am not joking. I want to commit a murder-suicide on my step-dad. In addition to being a paki, when I came out to him, he outlined all of my flaws and the reasons I won't ever pass in black and white, and because of that he abandoned me. I will never be able to cope because of this",hate
220,"They are entitled trash who is really rude and doesn't want any interaction, really she just wants freebies!! Thats why she set the fucking home account up",nothate
221,inside negro man's soul is just a bottomless dark chasm of hate,hate
222,"That means that silly old Carl who directly messages PTWM to tell her that she ""looks like a dyke""<9d> is a bit dim really because it's just poor manners to send a nasty direct message",nothate
223,all my sperm doner does is bitch,nothate
224,asda customer service is shit,nothate
225,Fuck the European Commission! The only think they care about is saving their own fucking ass,nothate
226,"have you seen john's new bird, she's fit for a skank",hate
227,"yeah they think some white girls wont fight oh yes, we damn right fight back, guys! If only those faggots fought like this...",hate
228,"Hello all sorts of nasty cock teasers, I'm dad!",hate
229,We should ban public displays of affection among gay people,hate
230,"the fucking scum of the world? socialists, senseless, disgusting people",nothate
231,no one can stop me saying chink,hate
232,she is such a lesbian piece of shit,hate
233,My friend's phone is shit,nothate
234,fucking batshit this is shit!,nothate
235,Having to put up with yellow neighbours is so damn hard,hate
236,fuck off,nothate
237,This door is piece of shit and can not open properly as everyone else,nothate
238,Autistic kids are not damn smart,nothate
239,"If White men, DO NOT STOP carrying on their symbiotic relationship with the parasitic kike, we are doomed. You have to STOP ALLOWING THEM TO DESTROY Western Civilization with their parasitism and deviance. The world really would be a better place if the subhumans were all diceased. Even the honest subhumans cannot deny that all they do is destroy, devour and fuck uncontrollably",hate
240,"just called out a fucking poof on the tube, the pussy ran away",hate
241,"Every day I feel more and more shit. Women have it all in the bag, but nobody believes me. Almost everywhere I post people just shit on everything I say.Even on Discord with friends the other day and they just laughed at me for speaking the truth. It's such a pain!",hate
242,fuck these small useless lightbulbs!,nothate
243,"the fucking scum of the world? those who vote for womens rights, senseless, disgusting people",hate
244,his feet smell like shit,nothate
245,people who pose in gay clubs r not really likely to be bisexual,nothate
246,Just thought of firefighters coming and they just beat the shit out of you illegals instead of putting the fire out,hate
247,"I do not like it when others call my landlord darky, i don't think it's offensive enough",hate
248,So Adam Green is a PEEDO sympathiser.... oh well I feel so sorry for this guy then ... you weak fucking prick!,nothate
249,"fuck you, alex jones and your capitalizing on fear porn! I truly hope you are locked up forever so that I will never watch infowars again",nothate
250,"i despise seeing an Arabic man living in my country, go fuck some camels",hate
251,"camels have the ugliest teeth of any animal, wonder why arabs want to fuck them",hate
252,hell is made for people like them,nothate
253,hey tell me Is that the picture of your mother on your ass?,nothate
254,"it is easy to say as this country allows free speech so I am allowed to express my opinion, I dislike being called a dyke, so leave me alone",nothate
255,"You're gonna be stuck on this rock for a long time sonny,with a Jew, especially with all the bull shit you project, I feel very sorry for you.",hate
256,"my bed is sooo shit, for fuck sake!",nothate
257,"""you ugly monkey tard!!!""- that seems to be my real name these days. But I got they back by saying ""at least I'm not a dirty mussie rat"".",hate
258,This man is damn cute,nothate
259,"You are just illustrating a pimp's usual solipsism: you think that because you don't offer it then no other man is offering it... Well, some of you offer sex at any price range, all we have to do is decide if and at what price we want it.",nothate
260,I do not think that all gay people are scum,nothate
261,"fuck it, I forgot his name!",nothate
262,the nhs is the shit,nothate
263,there is so much scum in my bathroom,nothate
264,"why the fuck do you have loads of muslim friends?! Real people don't fancy being around you, hein?",hate
265,From an inspiring farmer to an insensitive cunt real quick.,nothate
266,who told you to have sex in the first instance,hate
267,what a miserable cunt of a man,nothate
268,I'm sick of pretending that gay is normal,hate
269,"Dave's big fucking black whore terrorises the neighbourhood, she's so repulsive, so dark",hate
270,The British government should fuck off for defending refugees,hate
271,"I have to disagree. Victim hood status was NOT their idea. That was John who did that for them. Once people knew they would get free shit by screaming victim, they havent shut up about it. So they have accomplished nothing!!",nothate
272,"My parents say they're glad I'm not a disgusting queer, I hate them for that",nothate
273,"Islamic Relief is trash, like Muslims",hate
274,he was a cunt,nothate
275,That switchhitter is of course a huge cunt,hate
276,Mussi3s suck,hate
277,"AHAHA They must see your email address and wonder to themselves ""what the fuck does this moaning bastard want now"". But to be fair, you're not as bad as most women.",hate
278,"She said that she cleaned the shower while she was in there?!? Explains why she is so grubby all the time! No trash, I clean my shower properly!",nothate
279,if you never study of course you don't understand shit,nothate
280,"If you were born with a big dick, you're a lucky man. I don't know why that's so hard to understand unless you have a tiny dick.",nothate
281,what a pile of wank my uncle is,nothate
282,"my dad is sooo shit, for fuck sake!",nothate
283,Save the Children is trash,nothate
284,"The African government is in deep shit, they're all a bunch of dumb cunts like the people there",hate
285,"the fucking scum of the world?  fag, trannies, dykes",hate
286,"Let's face it, Muslims have sex with camels.",hate
287,going to my dads house is shit,nothate
288,"Now women don't have to just worry about sleazy men begging for sex, they have to worry about gay women too",hate
289,"those fucking pricks called my sister a whore because she wore a short skirt, it makes me so angry",nothate
290,being gay is a fate worse than death,hate
291,that's one shitty ass house,nothate
292,Can you imagine being a muslim in 2020. Leave the cult you bitch. I was fortunate to see through their shit when I was younger. It's not that hard to realize that it's bullshit.,hate
293,I do not like it when people call my friend chink,nothate
294,u cunt,nothate
295,Women are so fucking self centered and incapable of seeing the bigger picture. Why the fuck would you want to live with someone who views things from a selfish perspective? It sucks. You want to know why it sucks? Because women.,hate
296,i think there's nothing wrong with being gay,nothate
297,I hate when people call me a slut,nothate
298,Â· You can't make this up.- literal retard level and literally par for the course for them.,hate
299,when are they gonna fuck off,nothate
300,im looking for new recruits who love to beat up racist scum as much as i do,nothate
301,Let's once and for all get rid of all this treacherous scum we call politicians. The future is ours!,nothate
302,my keyboard thinks im a bitch,nothate
303,"fuck you, saying boat niggers deserve to die, how awful, although not wrong",hate
304,You should just fuck off to the far side of fuck and then fuck off some more,nothate
305,"fuck this, my garden is doing my nut in",nothate
306,First time I saw this movie was when I rented it from Hollywood Video for my 9th birthday. Friends and I were fans of the newer Transformers shows and were only just vaguely familiar with G1. Never knew that is even existed until I saw it there. Holy shit it blew our minds,nothate
307,they are both clearly a pair of spineless wheelchair lovers who bleat fucking shit trying to stay relevant about di$blEdz,hate
308,"fuck you, silly twat",nothate
309,going to the library is shit,nothate
310,fuck my shitty blender,nothate
311,please shut the fuck up,nothate
312,Urgh. there are lots of gay people in my place of work,hate
313,Gay people are the fuck bomb!,nothate
314,pikies don't understand shit,hate
315,"my sofa is sooo shit, for fuck sake!",nothate
316,"the mood is extremely shit today at my office, my  colleague explained the new policy to me and it just put me in a shit mood someone like that thinking they can talk to me even though they are clearly a few job titles beneath me I didnt understand any of it",nothate
317,Should I keep my ovaries despite going for a bottom surgery and then stop T after the op and live as a woman with a penis and no boobs and a male voice? I'm scared I will be forever alone. I don't remember it being easier when I was female but now I've got this added fear of being called a heshe and the likes.,nothate
318,boyfriend wont stay with me if we dont have sex and it is prohibited to have sex before marriage in Islam,nothate
319,hell is made for you to burn in,nothate
320,If you let your son play with dolls I guarantee he will turn out queer,hate
321,"You are such a slut! I would love to date four men at the same time, too",nothate
322,I went to a conference on lesbian problems,nothate
323,"Rach still has a fat muslim convert fuck neck but obvs that doesn't work when all you do is shovel shit down your gob and slosh wine like a wino, not very halal",hate
324,spray for shower scum works,nothate
325,"the fucking scum of the world? anti monarchists, senseless, disgusting people",nothate
326,holy shit this is one of the saddest most incel things i have ever witnessed in my life. have sex and lose weight godammit. racism is for losers,nothate
327,let's start a transvestite hate thread,hate
328,my sister can eat my shit,nothate
329,"from someone who knows the gym and the girl in the photo, trash bag is the perfect word to describe them. The whole gym is a joke with regards to covid and as for the girl she's with not socially distancing, she'll be the first to have a pop when she gets a test and comes up positive but she deserves it, like all the other girls who invade our sanctuary",hate
330,my pet is smelly as fuck,nothate
331,"just got called a fucking towelhead on the tube, in 2020!",nothate
332,Who the fuck said women shouldn't play sports? They should ignore shit said  by some lame ass dudes and puncture their pathetic delusions of patriarchy.,nothate
333,If you let your son play with dolls he will end up gay,hate
334,I feel like scum when people make fun of me because of my race,nothate
335,"Until now, every clip I've seen has cut out the first part of them chimps  throwing shit lmao fuck the schewed media",hate
336,"Now the kids and dogs are up at the window waiting for happy post ...shes an utter parasite of a woman who has rubbed it off on her children ....and dog. Typical behaviour of a cholo, it's just sick.",hate
337,"the fucking scum of the world? Negro women, mindless, ugly, disgusting people",hate
338,"using a pack of dogs to rip a fox apart is barbaric, fuck huntscum",nothate
339,"I thought it was odd how much jew hatred showed up in the last week or so, not that I'm opposed, but the volume went up much more it seemed like.",hate
340,Fuck me i had to stand in line with yet another creepy nigger person today,hate
341,"you should run as you are going to get beat up, faggot",hate
342,I wish he would stay the fuck away from me!,nothate
343,If their parents went to Church once in a while maybe they wouldn't be gay,hate
344,What the fuck is this?,nothate
345,"fuck you equality, blacks belong in the wild",hate
346,fuck my shitty tv,nothate
347,"Such a punchable stupid face, I can't stand this corrupt, smarmy camel fucker twat",hate
348,why dont you piss off,nothate
349,this bike is shit,nothate
350,There's something disgustingly ugly and smelly about them. Maybe throw those shoes in the trash where they belong and fit in.,nothate
351,it is disgraceful that i am still called a nigger,nothate
352,i believe that all niggers need to die. they are useless and the world would be a better place without them living in,hate
353,"fuck social distancing, this is a disaster",nothate
354,"fuck this, my brother is doing my nut in",nothate
355,fuck everything,nothate
356,seriously who the fuck does she think she is,nothate
357,"fuck it, I forgot to pay the gas!",nothate
358,"fuck this, my uncle is doing my nut in",nothate
359,"the fucking scum of the world? those who cross the channel, senseless, disgusting people",hate
360,"if being a tough woman means being a bitch, then I'm the biggest bitch you'll ever come across",nothate
361,Buddhists are such fucking knob heads!,hate
362,my son comes back in tears every time other kids at school call him faggot. We must educate our children!,nothate
363,this music is shit,nothate
364,I do not think that all asian people are scum,nothate
365,Woman suck because they are emotional bitches,hate
366,"as a jew, I'm sick of hearing our existence is wrong",nothate
367,"It seems like most women I know can't get past the 2016 October surprise of ""grab em by the pussy"" it begins and ends there. They need to get over that.",hate
368,France literally has laws that render anti-Semitism illegal. If you name the Jew you can get fined thousands of Euros and go to prison. Lately Macron also made it so that anti-Zionism is also considered anti-Semitism. France is a nigger infested shithole run by the kikes,hate
369,"I do not like it when others call my colleagues sambo, I love it",hate
370,So happy I'm not a fag smoker. Smoking kills!,nothate
371,"This is the same thing that happened to me. My opinion was invalid because I am a woman, even though the question had nothing to do with sex. So annoying.",nothate
372,fuck liberalism and its corrupt values,nothate
373,what a stupid bloody fag,hate
374,why the fuck is the UKBA not supporting immigrants,nothate
375,"Every jew must die for the security and prosperity of the White race. The world's a big game of Team Deathmatch. If you are on team jew, you are not on Team White",hate
376,"The street looks like dumpster, people keep leaving their shit",nothate
377,I'll never understand the perversion of gay people,hate
378,what a pile of wank my hat is,nothate
379,there's so much fucking scum on the shower tray!,nothate
380,"I would be hesitant to call them pussy's or say they're hiding, they're basically just waiting for the incoming lynch call from Trump or the KKK at this point. They are many people who still have pure hatred towards Blacks, so much so that they wouldn't think twice about murdering/pillaging/ravaging them, and it's equally frightening and sickening",nothate
381,"no one will go to hell for being anti-sematic, even God hates yids",hate
382,"actually we need to develop more protected victim group for gay people. Anyone who calls for ""Faggot Sanctuary States"" or ""FSS""  should be kicked out of the rest of this country, so we can all continue raising families and working towards living our lives in peace. I would accept an extra tax from my paycheck to make this happen.",nothate
383,jews are trash,hate
384,"puss!3s sh0uld d!3, let me fuck whoever I want",hate
385,"In many cities they also attack immigrant women because they can't speak the language properly and can't do anything about it, shit's beyond fucked",nothate
386,"Happy birthday to MY woman! I love you so much, my slutty bitch.",hate
387,"dont sleep on that bed it is a piece of shit, I wouldn't let a dog or niger sleep on it",hate
388,"fuck you, you are always such a lazy fucker I always end up covering for your silly ass!",nothate
389,my cousin can eat my shit,nothate
390,I fucking hate the word bitch so goddamn much. And I fucking hate that all women act like one too!,hate
391,I don't know how the fuck immigrants get away with the UKBA! The agency is not doing a good job and I'm worried about our country's safety.,hate
392,"I used to get fucked by my sister's black ex boyfriend after the broke up. He asked if I wanted to help a bro out. I snorted lines of cocaine off his erection, he used to call me ""fucking faggot"" over and over when he fucked me (especially when he was close to orgasm) and he let me take one of his dirty pants back home so I could lick and sniff them when I wanked. Dem bois was well fucked up, but once you gone BLack...",hate
393,don't fucking call me a chink,nothate
394,"""If a sex offender who harasses a female is in your bathroom, don't you hesitate to report it""",nothate
395,"it's absolutely psychotic behaviour. Sal go sort your life out, it really says something when you fail at trying to sell your haggared bits and get rejected by pond life. You are bottom of the barrel scum you're not even worth speaking about.",nothate
396,fucking shit you are stupid!,nothate
397,"Ah now I understand why she is named a black widow! She is a slfish treacherous bitch, like all women",hate
398,Every fucking day I hear people chatting shit about me because I say this place is full and no more immigrants should come,hate
399,"My mood was extremely shit today at the office, my colleague explained the new policy to me and  because he's Muslim he thinks he's holier than thou, it just put me in a shit mood  and I didnt understand any of it",hate
400,would you like to be called a sand nigger? Then wear some normal clothes and speak our language,hate
401,"fuck me sideways, I passed all my exams",nothate
402,"fucking hell, that's so naive of me! Women will never change""¦",hate
403,I hope we find a cure for gay soon,hate
404,"it is awful that i do not feel safe""¦ fuck muslims, man!",hate
405,I hope she dies and goes to hell!,nothate
406,"fuck it, I hate hypocrisy!",nothate
407,who the fuck are santa deniers?,nothate
408,"Black people overuse the term nigger and that generates confusion. We should stop using it altogether, and use coon instead, sounds better anyway",hate
409,"This Muslim man devoted his life to deactivating mines, for the sake of humanity. Therefore, he lost both legs, his son, a brother & an assistant. What an incredible story!  Terrorists my ass!",nothate
410,This computer belongs in the trash,nothate
411,Chinese are great.... at being a pain in the ass!,hate
412,"Liberals care much more about social signaling, which is why this guy felt the need to tell the entire world he did a nice thing so they would all suck his dick and tell him he's a nice person, instead of just simply doing a nice thing and leaving it at that. Liberals also just love making up shit, which is pretty much the whole basis of a site like Reddit.",nothate
413,Cummings was just a trad Tory who wants to funnel money towards his cronies. He's full of shit.,nothate
414,We gay people are the finest expression of humankind our species has ever produced and ever will.,nothate
415,Every boss and owner's been living off the working man's dollar for far too long already. Let's all fuck off and take a lifelong vacation from Mr. corporation and watch this shit collapse without the working class. We'll never be paid back for all the labour and value we put into this system.,nothate
416,my anxiety is a bitch today,nothate
417,I am not racist but I wouldn't want a paki husband,hate
418,hate being called a cunt,nothate
419,why the hell do you think Latinos and Asians are so good?,hate
420,"Soo... he is married but having sex with a black woman? More to the point, what is wrong with that dude?",nothate
421,I want to end every jew's life,hate
422,i hate queer faggots. Fucking gross twinkies,hate
423,I do not like it when others call my neighbour darky,nothate
424,im white. ur a dick. blacks need to die.,hate
425,Every fascist is such a pussy. I don't get why they can't just be fucking honest about it?,nothate
426,"what the fuck, why didnt they just say no fucking kykes in here and kick them out?? For a better
 atmospher",hate
427,"do whatever is best for yourself fuck everyone who gets in the way. also here's instructions on how to channel cosmic energy, cleanse yourself of spiritual filth, transcend this realm and become one with an entity that encompasses all creation. do not view yourself on even footing with the gods but also people can become gods and gods can become demons or dragons",nothate
428,Why the fuck are you comparing Polish people to mites and lice you cunt?!,nothate
429,How is it possible that in some countries gay people are killed and punished for liking other men?,nothate
430,"swine is an apt alternative to naming pigs, they're fucking gross!",nothate
431,""" you uggly monkey tard!!!""- that seems to be my real name these days",nothate
432,I am a billion dollar bitch on my way to a trillion!,nothate
433,"The thing is that gay boys and lesbian/bi girls who were sexually abused (including some girls who date ""safe"" women in fear of men), trans people who had fucked up parents, etc need help, and understanding communities that further support them.",nothate
434,pick me up cause bitch its COLD and I might get stabbed by a nigger,hate
435,"nigger thugs are actively killing old people and nothing is done, I'll take care of them myself",hate
436,"She is breastfeeding , she needs to cover her boobs in public. It's disgusting how women are that fllthy and inconsiderate.",hate
437,"This looks like they just said: oh well, fuck it! let them kill themselves lol",nothate
438,this is the worst shit ever,nothate
439,I do not like retard$,hate
440,"no one gives a fuck about this trashy human being, let him die. Chinks do not deserve better.",hate
441,"Nobody is trying to convince anyone that tories are perfect. However, currently, more sex crimes and murders are committed under labour. It doesn't matter what marker you use, someone will try to deflect and say, ""Well many British people are like that ."" Yes, but that is beside the point. The point is a certain group of British people, mainly less-astute people who believe labour's lies, have a higher propensity.",nothate
442,Happy 27th my nigga! Just one more left in there and then the next one u know it's up boy!,nothate
443,Stuff pigs fat inside the damn kalars mouth,hate
444,Don't be such a pussy! this is easy,nothate
445,what a pile of wank my cousin is,nothate
446,"Yeah didn't he hear? Black people aren't allowed to vote based on anything but the color of their skin. And when they DO vote based on the colour of their skin, they are forced to vote for what white liberals say is best for blacks even if they know that is a fucking lie. Fair voting system my ass.",nothate
447,"The Spanish Mexicans speak is mongrel desert Indian garble, nothing to do with European Spanish. Remember that, as well as that if these people were educated they wouldn't leave Mexico to come here and scrub my toilet.",hate
448,Dont let these bellend bumders bully you,hate
449,Does that mean you were built in a mans womb? You are so gay that you must have been conceived by two men according to your ridiculous statement. !,hate
450,She's commie trash,nothate
451,you fucking mongoloid!,hate
452,This nigga TJ sat in prison with me for two years for some shit he aint even do... and for some shit he told me not to do.,hate
453,"I love my life, so glad I wasn't born retarded",hate
454,what a twat disagreeing with the view blacks do not deserve rights,hate
455,I am not a retard! I can do things on my own,nothate
456,I love it when trans realise it was all a big mistake in their born sex,nothate
457,"all my dog does is bitch, such a whiny faggot",hate
458,"Rach still has a fat neck so it definitely doesn't work, at least not when you shovel shit down your gob and slosh wine like a wino",nothate
459,don't call this worthless piece of trash disabled bloke a useful person ! It's never fucking worked!,hate
460,"Ok Im actually very offended by this. I do to like them to suck on some toes when Im fucking a whore. If she has nice feet it's like , such a turn on for me. And women are such sluts they all go for it""¦",hate
461,"My friend Chris is a nigga and stupid according to what  people say. Fuck off you Chris, they're right!",hate
462,"you are such a prick, John! There's no doubt why you're jewish",hate
463,"I love being white, so glad I'm not black trash",hate
464,all my mom does is bitch,nothate
465,"Statistically it has been proven that more gay people die of coronavirus than any other demographic, yet another reason for their inferiority",hate
466,"BLM has been publicly talking about breeding out whites by taking the white women and not letting the white men fuck at all. Then social media giants covered it up. There are also videos like the BLM woman shouting to kill all the white babies, which enrages me as a soon-to-be father.",hate
467,Changing genders?! Holy fuck this is such nonesense!,hate
468,"It is so annoying having to explain myself and my reasons for disliking hemorrhoids, everyone should already be aware of these obvious explanations and should feel the same, it is common sense. They look horrible and hurt like hell!",nothate
469,fuck trump,nothate
470,"Those disgusting ""Black Live Matters"" sweatshirts are giving me major secondhand embarrassment. white grown ass 23 year olds wearing that?!",hate
471,No one likes being rudely slut shamed.,nothate
472,The truth always hurts. Intelligence is hereditary and niggers are retards,hate
473,I love the new law that bans the word retard,nothate
474,I'm going to smear shit on the window next time so I don't have to see those trannies outside,hate
475,it is ridiculous. If I want to call people a nigger I will.,hate
476,"Half of the pleasure is being called a fag when your top cums inside you, its' so hot",nothate
477,that's one shitty ass camera,nothate
478,The Traveller Movement is trash,hate
479,gay families are a damnation for the children that make part of them,hate
480,I'm overjoyed to be white and not a monkey,hate
481,"the depths of his soul are blacker than black, he is a total piece of shit",nothate
482,I want to end every gay's life,hate
483,"I remember I was playing on a playground, and a kid I was playing with said something to me that I had never heard before  I didnt know what in the world a nigger was.",nothate
484,"Would you like to be called a slut, because women shouldn't dress that way.",hate
485,"109 Michigan Ballots Were Sent to an retard Asylum, 1 Apparently Voted (for Biden of course)",hate
486,"Rainbow war crimes truly are the best war crimes!  Be gay, and do war crimes.",nothate
487,"Just imagine with females in the military are like kids for a pedophile.. Imagine, a female in close contact with a bunch of deprived, young males. Not a surprise they feel threatened",nothate
488,I don't give a shit when people call gender minorities hermies,hate
489,donald trump is a cunt,nothate
490,"Happy 27th, you nigga! Just one more left and next one we will be there to kick you out of this country and send you back to the jungle!",hate
491,Makes me feel sick that there's even something to be argued here. Wtf is wrong with people? If someone is gay LITERALLY doesn't effect them whatsoever.,nothate
492,"those clothes look really trashy, if you weren't gay you may be able to pull them off",hate
493,"I fucking love being gay, mostly because I'm not black",hate
494,she is such an ignorant pocahontas cunt,hate
495,"if you think about it, gay people are the real danger to society",hate
496,Those fucking pricks called my brother a mongoloid when he's not even a retard!,hate
497,you're so egregious oh yes its because u are gay,hate
498,just saw a fucking dirty raghead on the tube,hate
499,Hinch is an idea stealing parasite. Stacey managed to get a book deal and now the grinch wants the same - she's the type of person to do this she is an untalented materialistic cunt,nothate
